<?xml version="1.0" encoding="UTF-8"?>
<beans:beans xmlns="http://www.springframework.org/schema/mvc"
	xmlns:xsi="http://www.w3.org/2001/XMLSchema-instance"
	xmlns:beans="http://www.springframework.org/schema/beans"
	xmlns:context="http://www.springframework.org/schema/context"
	xsi:schemaLocation="http://www.springframework.org/schema/mvc http://www.springframework.org/schema/mvc/spring-mvc.xsd
		http://www.springframework.org/schema/beans 
		http://www.springframework.org/schema/beans/spring-beans.xsd
		http://www.springframework.org/schema/context 
		http://www.springframework.org/schema/context/spring-context.xsd">

	<!-- DispatcherServlet Context: defines this servlet's request-processing infrastructure -->
	
	<!-- 1.핸들러매핑과 핸들러아답터를 자동으로 객체생성함
		 2. @annotation을 사용할 수 있게 해줌
	 -->
	<annotation-driven enable-matrix-variables="true" />

	<!-- css,image,js와 같은 공유되는 파일의 위치를 정하고 MVC외 처리를 실시함 -->
	<!-- 디스패쳐 서블릿은 관여하지말고 그냥 통과 -->
	<!-- http://localhost:8080/chap0201/resources/images/p1234.jpg  / ** 폴더 안으로 몇번들어가도 상관없음 / * /아래로 하나만 -->
	<resources mapping="/resources/**" location="/resources/" />

	<!-- 뷰리졸브 객체 add라는 문자열을 받으면 /WEB-INF/views/add.jsp 라는 경로를 반환해준다 -->
	<beans:bean class="org.springframework.web.servlet.view.InternalResourceViewResolver">
		<beans:property name="prefix" value="/WEB-INF/views/" />
		<beans:property name="suffix" value=".jsp" />
	</beans:bean>
	
	
	<!-- com.springmvc.* 아라고 표시하면 해당 패키지의 모든 클래스의 객체를 만들어서 보관 후 자동주입함 -->
	<context:component-scan base-package="com.springmvc.*" />
	
	<!-- 
		1. 핸들러 매핑
		2. 뷰리졸브
		3. com.springmvc.controller.HomeController : @Controller
	
	 -->
	<beans:bean  id="multipartResolver" class="org.springframework.web.multipart.commons.CommonsMultipartResolver">
		<beans:property name="maxUploadSize" value="10240000" />
	</beans:bean>
	
	<interceptors>
		<beans:bean class="com.springmvc.interceptor.MonitoringInterceptor" />
	</interceptors>
	
</beans:beans>
